category,prompt
Patient's Name,First Name:
Patient's Name,Last Name:
Patient's Name,Full Residential Address:
Patient's Name,City of Residence:
Patient's Name,Date of Birth:
Place of Residence,Gender (Male/Female):
Place of Residence,Country of Birth:
Place of Residence,Parents' Country of Origin:
Place of Residence,Marital Status:
Place of Residence,Do you have children? How many:
Workplace or Occupation,Current Workplace:
Workplace or Occupation,Workplace Address:
Workplace or Occupation,Highest Education Level:
Workplace or Occupation,Language Spoken at Home:
Workplace or Occupation,Religion:
Family Members,"Religious Affiliation (Secular, Religious, etc.):"
Family Members,National/Ethnic Affiliation:
Family Members,Have you experienced significant trauma? If so â€“ what:
Family Members,Name of a close family member:
Family Members,Do you live alone or with someone:
Education or Training,Number of Siblings:
Education or Training,Name of School Attended in Childhood:
Education or Training,Phone Number:
Education or Training,ID Number:
Education or Training,Email Address:
